<?xml version="1.0" encoding="UTF-8"?>
<beans xmlns="http://www.springframework.org/schema/beans"  
    xmlns:xsi="http://www.w3.org/2001/XMLSchema-instance"  
    xmlns:p="http://www.springframework.org/schema/p"  
    xmlns:context="http://www.springframework.org/schema/context"  
    xsi:schemaLocation="http://www.springframework.org/schema/beans  
http://www.springframework.org/schema/beans/spring-beans-3.0.xsd  
http://www.springframework.org/schema/context  
http://www.springframework.org/schema/context/spring-context-3.0.xsd
http://www.springframework.org/schema/mvc
http://www.springframework.org/schema/mvc/spring-mvc-3.0.xsd">  


<context:annotation-config > </context:annotation-config>
<context:component-scan base-package="com.javatpoint.controllers"></context:component-scan>
<bean id="viewResolver" class="org.springframework.web.servlet.view.InternalResourceViewResolver">
<property name="prefix" value="/WEB-INF/jsp/"></property>
<property name="suffix" value=".jsp"></property>
</bean>

<bean id="ds" class="org.springframework.jdbc.datasource.DriverManagerDataSource">  
<property name="driverClassName" value="com.mysql.jdbc.Driver"></property>  
<property name="url" value="jdbc:mysql://localhost:3306/myydbb"></property>  
<property name="username" value="root"></property>  
<property name="password" value=""></property>  
</bean>  


<bean id="dao" class="com.javatpoint.dao.EmpDao">
<property name="dataSource" ref="ds"></property>
</bean> 

<bean id="userDao" class="com.javatpoint.dao.UseDaoImpl">
<property name="dataSource" ref="ds"></property>
</bean>

<bean id="userService" class="com.javatpoint.service.UserServiceImpl">
</bean>
</beans>